TeamFullName,TeamName,TeamWebName,TeamHomepage,TeamRoster,ConferenceName,ConferenceType
Boston College Eagles,Boston College,boston-college,https://247sports.com/college/boston-college/,https://247sports.com/college/boston-college/Team/Boston-College-Eagles-Football-1/Roster/,ACC,Power Conferences
Clemson Tigers,Clemson,clemson,https://247sports.com/college/clemson/,https://247sports.com/college/clemson/Team/Clemson-Tigers-Football-3/Roster/,ACC,Power Conferences
Duke Blue Devils,Duke,duke,https://247sports.com/college/duke/,https://247sports.com/college/duke/Team/Duke-Blue-Devils-Football-5/Roster/,ACC,Power Conferences
Florida State Seminoles,Florida State,florida-state,https://247sports.com/college/florida-state/,https://247sports.com/college/florida-state/Team/Florida-State-Seminoles-Football-7/Roster/,ACC,Power Conferences
Georgia Tech Yellow Jackets,Georgia Tech,georgia-tech,https://247sports.com/college/georgia-tech/,https://247sports.com/college/georgia-tech/Team/Georgia-Tech-Yellow-Jackets-Football-9/Roster/,ACC,Power Conferences
Louisville Cardinals,Louisville,louisville,https://247sports.com/college/louisville/,https://247sports.com/college/louisville/Team/Louisville-Cardinals-Football-53/Roster/,ACC,Power Conferences
Miami Hurricanes,Miami,miami,https://247sports.com/college/miami/,https://247sports.com/college/miami/Team/Miami-Hurricanes-Football-13/Roster/,ACC,Power Conferences
NC State Wolfpack,North Carolina State,north-carolina-state,https://247sports.com/college/north-carolina-state/,https://247sports.com/college/north-carolina-state/Team/NC-State-Wolfpack-Football-17/Roster/,ACC,Power Conferences
North Carolina Tar Heels,North Carolina,north-carolina,https://247sports.com/college/north-carolina/,https://247sports.com/college/north-carolina/Team/North-Carolina-Tar-Heels-Football-15/Roster/,ACC,Power Conferences
Pittsburgh Panthers,Pittsburgh,pittsburgh,https://247sports.com/college/pittsburgh/,https://247sports.com/college/pittsburgh/Team/Pittsburgh-Panthers-Football-460/Roster/,ACC,Power Conferences
Syracuse Orange,Syracuse,syracuse,https://247sports.com/college/syracuse/,https://247sports.com/college/syracuse/Team/Syracuse-Orange-Football-461/Roster/,ACC,Power Conferences
Virginia Cavaliers,Virginia,virginia,https://247sports.com/college/virginia/,https://247sports.com/college/virginia/Team/Virginia-Cavaliers-Football-19/Roster/,ACC,Power Conferences
Virginia Tech Hokies,Virginia Tech,virginia-tech,https://247sports.com/college/virginia-tech/,https://247sports.com/college/virginia-tech/Team/Virginia-Tech-Hokies-Football-21/Roster/,ACC,Power Conferences
Wake Forest Demon Deacons,Wake Forest,wake-forest,https://247sports.com/college/wake-forest/,https://247sports.com/college/wake-forest/Team/Wake-Forest-Demon-Deacons-Football-23/Roster/,ACC,Power Conferences
Baylor Bears,Baylor,baylor,https://247sports.com/college/baylor/,https://247sports.com/college/baylor/Team/Baylor-Bears-Football-25/Roster/,Big 12,Power Conferences
Iowa State Cyclones,Iowa State,iowa-state,https://247sports.com/college/iowa-state/,https://247sports.com/college/iowa-state/Team/Iowa-State-Cyclones-Football-29/Roster/,Big 12,Power Conferences
Kansas Jayhawks,Kansas,kansas,https://247sports.com/college/kansas/,https://247sports.com/college/kansas/Team/Kansas-Jayhawks-Football-31/Roster/,Big 12,Power Conferences
Kansas State Wildcats,Kansas State,kansas-state,https://247sports.com/college/kansas-state/,https://247sports.com/college/kansas-state/Team/Kansas-State-Wildcats-Football-33/Roster/,Big 12,Power Conferences
Oklahoma Sooners,Oklahoma,oklahoma,https://247sports.com/college/oklahoma/,https://247sports.com/college/oklahoma/Team/Oklahoma-Sooners-Football-39/Roster/,Big 12,Power Conferences
Oklahoma State Cowboys,Oklahoma State,oklahoma-state,https://247sports.com/college/oklahoma-state/,https://247sports.com/college/oklahoma-state/Team/Oklahoma-State-Cowboys-Football-41/Roster/,Big 12,Power Conferences
TCU Horned Frogs,Tcu,tcu,https://247sports.com/college/tcu/,https://247sports.com/college/tcu/Team/TCU-Horned-Frogs-Football-456/Roster/,Big 12,Power Conferences
Texas Longhorns,Texas,texas,https://247sports.com/college/texas/,https://247sports.com/college/texas/Team/Texas-Longhorns-Football-43/Roster/,Big 12,Power Conferences
Texas Tech Red Raiders,Texas Tech,texas-tech,https://247sports.com/college/texas-tech/,https://247sports.com/college/texas-tech/Team/Texas-Tech-Red-Raiders-Football-47/Roster/,Big 12,Power Conferences
West Virginia Mountaineers,West Virginia,west-virginia,https://247sports.com/college/west-virginia/,https://247sports.com/college/west-virginia/Team/West-Virginia-Mountaineers-Football-457/Roster/,Big 12,Power Conferences
Illinois Fighting Illini,Illinois,illinois,https://247sports.com/college/illinois/,https://247sports.com/college/illinois/Team/Illinois-Fighting-Illini-Football-65/Roster/,Big Ten,Power Conferences
Indiana Hoosiers,Indiana,indiana,https://247sports.com/college/indiana/,https://247sports.com/college/indiana/Team/Indiana-Hoosiers-Football-67/Roster/,Big Ten,Power Conferences
Iowa Hawkeyes,Iowa,iowa,https://247sports.com/college/iowa/,https://247sports.com/college/iowa/Team/Iowa-Hawkeyes-Football-69/Roster/,Big Ten,Power Conferences
Maryland Terrapins,Maryland,maryland,https://247sports.com/college/maryland/,https://247sports.com/college/maryland/Team/Maryland-Terrapins-Football-11/Roster/,Big Ten,Power Conferences
Michigan State Spartans,Michigan State,michigan-state,https://247sports.com/college/michigan-state/,https://247sports.com/college/michigan-state/Team/Michigan-State-Spartans-Football-73/Roster/,Big Ten,Power Conferences
Michigan Wolverines,Michigan,michigan,https://247sports.com/college/michigan/,https://247sports.com/college/michigan/Team/Michigan-Wolverines-Football-71/Roster/,Big Ten,Power Conferences
Minnesota Golden Gophers,Minnesota,minnesota,https://247sports.com/college/minnesota/,https://247sports.com/college/minnesota/Team/Minnesota-Golden-Gophers-Football-75/Roster/,Big Ten,Power Conferences
Nebraska Cornhuskers,Nebraska,nebraska,https://247sports.com/college/nebraska/,https://247sports.com/college/nebraska/Team/Nebraska-Cornhuskers-Football-37/Roster/,Big Ten,Power Conferences
Northwestern Wildcats,Northwestern,northwestern,https://247sports.com/college/northwestern/,https://247sports.com/college/northwestern/Team/Northwestern-Wildcats-Football-77/Roster/,Big Ten,Power Conferences
Ohio State Buckeyes,Ohio State,ohio-state,https://247sports.com/college/ohio-state/,https://247sports.com/college/ohio-state/Team/Ohio-State-Buckeyes-Football-79/Roster/,Big Ten,Power Conferences
Penn State Nittany Lions,Penn State,penn-state,https://247sports.com/college/penn-state/,https://247sports.com/college/penn-state/Team/Penn-State-Nittany-Lions-Football-81/Roster/,Big Ten,Power Conferences
Purdue Boilermakers,Purdue,purdue,https://247sports.com/college/purdue/,https://247sports.com/college/purdue/Team/Purdue-Boilermakers-Football-83/Roster/,Big Ten,Power Conferences
Rutgers Scarlet Knights,Rutgers,rutgers,https://247sports.com/college/rutgers/,https://247sports.com/college/rutgers/Team/Rutgers-Scarlet-Knights-Football-57/Roster/,Big Ten,Power Conferences
Wisconsin Badgers,Wisconsin,wisconsin,https://247sports.com/college/wisconsin/,https://247sports.com/college/wisconsin/Team/Wisconsin-Badgers-Football-85/Roster/,Big Ten,Power Conferences
Arizona State Sun Devils,Arizona State,arizona-state,https://247sports.com/college/arizona-state/,https://247sports.com/college/arizona-state/Team/Arizona-State-Sun-Devils-Football-148/Roster/,Pacific-12,Power Conferences
Arizona Wildcats,Arizona,arizona,https://247sports.com/college/arizona/,https://247sports.com/college/arizona/Team/Arizona-Wildcats-Football-146/Roster/,Pacific-12,Power Conferences
California Golden Bears,California,california,https://247sports.com/college/california/,https://247sports.com/college/california/Team/California-Golden-Bears-Football-150/Roster/,Pacific-12,Power Conferences
Colorado Buffaloes,Colorado,colorado,https://247sports.com/college/colorado/,https://247sports.com/college/colorado/Team/Colorado-Buffaloes-Football-27/Roster/,Pacific-12,Power Conferences
Oregon Ducks,Oregon,oregon,https://247sports.com/college/oregon/,https://247sports.com/college/oregon/Team/Oregon-Ducks-Football-152/Roster/,Pacific-12,Power Conferences
Oregon State Beavers,Oregon State,oregon-state,https://247sports.com/college/oregon-state/,https://247sports.com/college/oregon-state/Team/Oregon-State-Beavers-Football-154/Roster/,Pacific-12,Power Conferences
Stanford Cardinal,Stanford,stanford,https://247sports.com/college/stanford/,https://247sports.com/college/stanford/Team/Stanford-Cardinal-Football-156/Roster/,Pacific-12,Power Conferences
UCLA Bruins,Ucla,ucla,https://247sports.com/college/ucla/,https://247sports.com/college/ucla/Team/UCLA-Bruins-Football-158/Roster/,Pacific-12,Power Conferences
USC Trojans,Usc,usc,https://247sports.com/college/usc/,https://247sports.com/college/usc/Team/USC-Trojans-Football-214/Roster/,Pacific-12,Power Conferences
Utah Utes,Utah,utah,https://247sports.com/college/utah/,https://247sports.com/college/utah/Team/Utah-Utes-Football-144/Roster/,Pacific-12,Power Conferences
Washington Huskies,Washington,washington,https://247sports.com/college/washington/,https://247sports.com/college/washington/Team/Washington-Huskies-Football-160/Roster/,Pacific-12,Power Conferences
Washington State Cougars,Washington State,washington-state,https://247sports.com/college/washington-state/,https://247sports.com/college/washington-state/Team/Washington-State-Cougars-Football-162/Roster/,Pacific-12,Power Conferences
Alabama Crimson Tide,Alabama,alabama,https://247sports.com/college/alabama/,https://247sports.com/college/alabama/Team/Alabama-Crimson-Tide-Football-164/Roster/,SEC,Power Conferences
Arkansas Razorbacks,Arkansas,arkansas,https://247sports.com/college/arkansas/,https://247sports.com/college/arkansas/Team/Arkansas-Razorbacks-Football-166/Roster/,SEC,Power Conferences
Auburn Tigers,Auburn,auburn,https://247sports.com/college/auburn/,https://247sports.com/college/auburn/Team/Auburn-Tigers-Football-168/Roster/,SEC,Power Conferences
Florida Gators,Florida,florida,https://247sports.com/college/florida/,https://247sports.com/college/florida/Team/Florida-Gators-Football-170/Roster/,SEC,Power Conferences
Georgia Bulldogs,Georgia,georgia,https://247sports.com/college/georgia/,https://247sports.com/college/georgia/Team/Georgia-Bulldogs-Football-172/Roster/,SEC,Power Conferences
Kentucky Wildcats,Kentucky,kentucky,https://247sports.com/college/kentucky/,https://247sports.com/college/kentucky/Team/Kentucky-Wildcats-Football-174/Roster/,SEC,Power Conferences
LSU Tigers,Lsu,lsu,https://247sports.com/college/lsu/,https://247sports.com/college/lsu/Team/LSU-Tigers-Football-176/Roster/,SEC,Power Conferences
Mississippi State Bulldogs,Mississippi State,mississippi-state,https://247sports.com/college/mississippi-state/,https://247sports.com/college/mississippi-state/Team/Mississippi-State-Bulldogs-Football-180/Roster/,SEC,Power Conferences
Missouri Tigers,Missouri,missouri,https://247sports.com/college/missouri/,https://247sports.com/college/missouri/Team/Missouri-Tigers-Football-458/Roster/,SEC,Power Conferences
Ole Miss Rebels,Ole Miss,ole-miss,https://247sports.com/college/ole-miss/,https://247sports.com/college/ole-miss/Team/Ole-Miss-Rebels-Football-178/Roster/,SEC,Power Conferences
South Carolina Gamecocks,South Carolina,south-carolina,https://247sports.com/college/south-carolina/,https://247sports.com/college/south-carolina/Team/South-Carolina-Gamecocks-Football-182/Roster/,SEC,Power Conferences
Tennessee Volunteers,Tennessee,tennessee,https://247sports.com/college/tennessee/,https://247sports.com/college/tennessee/Team/Tennessee-Volunteers-Football-184/Roster/,SEC,Power Conferences
Texas A&M Aggies,Texas Am,texas-am,https://247sports.com/college/texas-am/,https://247sports.com/college/texas-am/Team/Texas-AM-Aggies-Football-459/Roster/,SEC,Power Conferences
Vanderbilt Commodores,Vanderbilt,vanderbilt,https://247sports.com/college/vanderbilt/,https://247sports.com/college/vanderbilt/Team/Vanderbilt-Commodores-Football-186/Roster/,SEC,Power Conferences
Cincinnati Bearcats,Cincinnati,cincinnati,https://247sports.com/college/cincinnati/,https://247sports.com/college/cincinnati/Team/Cincinnati-Bearcats-Football-49/Roster/,American Athletic,More Conferences
East Carolina Pirates,East Carolina,east-carolina,https://247sports.com/college/east-carolina/,https://247sports.com/college/east-carolina/Team/East-Carolina-Pirates-Football-87/Roster/,American Athletic,More Conferences
Houston Cougars,Houston,houston,https://247sports.com/college/houston/,https://247sports.com/college/houston/Team/Houston-Cougars-Football-89/Roster/,American Athletic,More Conferences
Memphis Tigers,Memphis,memphis,https://247sports.com/college/memphis/,https://247sports.com/college/memphis/Team/Memphis-Tigers-Football-93/Roster/,American Athletic,More Conferences
Navy Midshipmen,Navy,navy,https://247sports.com/college/navy/,https://247sports.com/college/navy/Team/Navy-Midshipmen-Football-108/Roster/,American Athletic,More Conferences
SMU Mustangs,Smu,smu,https://247sports.com/college/smu/,https://247sports.com/college/smu/Team/SMU-Mustangs-Football-426/Roster/,American Athletic,More Conferences
South Florida Bulls,South Florida,south-florida,https://247sports.com/college/south-florida/,https://247sports.com/college/south-florida/Team/USF-Bulls-Football-59/Roster/,American Athletic,More Conferences
Temple Owls,Temple,temple,https://247sports.com/college/temple/,https://247sports.com/college/temple/Team/Temple-Owls-Football-127/Roster/,American Athletic,More Conferences
Tulane Green Wave,Tulane,tulane,https://247sports.com/college/tulane/,https://247sports.com/college/tulane/Team/Tulane-Green-Wave-Football-97/Roster/,American Athletic,More Conferences
Tulsa Golden Hurricane,Tulsa,tulsa,https://247sports.com/college/tulsa/,https://247sports.com/college/tulsa/Team/Tulsa-Golden-Hurricane-Football-99/Roster/,American Athletic,More Conferences
UCF Knights,Central Florida,central-florida,https://247sports.com/college/central-florida/,https://247sports.com/college/central-florida/Team/UCF-Knights-Football-103/Roster/,American Athletic,More Conferences
Charlotte 49ers,Charlotte,charlotte,https://247sports.com/college/charlotte/,https://247sports.com/college/charlotte/Team/Charlotte-49ers-Football-474/Roster/,Conference USA,More Conferences
FIU Golden Panthers,Florida International,florida-international,https://247sports.com/college/florida-international/,https://247sports.com/college/florida-international/Team/FIU-Golden-Panthers-Football-441/Roster/,Conference USA,More Conferences
Florida Atlantic Owls,Florida Atlantic,florida-atlantic,https://247sports.com/college/florida-atlantic/,https://247sports.com/college/florida-atlantic/Team/Florida-Atlantic-Owls-Football-443/Roster/,Conference USA,More Conferences
Louisiana Tech Bulldogs,Louisiana Tech,louisiana-tech,https://247sports.com/college/louisiana-tech/,https://247sports.com/college/louisiana-tech/Team/Louisiana-Tech-Bulldogs-Football-208/Roster/,Conference USA,More Conferences
Marshall Thundering Herd,Marshall,marshall,https://247sports.com/college/marshall/,https://247sports.com/college/marshall/Team/Marshall-Thundering-Herd-Football-91/Roster/,Conference USA,More Conferences
Middle Tennessee State Blue Raiders,Middle Tennessee State,middle-tennessee-state,https://247sports.com/college/middle-tennessee-state/,https://247sports.com/college/middle-tennessee-state/Team/Middle-Tennessee-State-Blue-Raiders-Football-194/Roster/,Conference USA,More Conferences
North Texas Mean Green,North Texas,north-texas,https://247sports.com/college/north-texas/,https://247sports.com/college/north-texas/Team/North-Texas-Mean-Green-Football-196/Roster/,Conference USA,More Conferences
Old Dominion Monarchs,Old Dominion,old-dominion,https://247sports.com/college/old-dominion/,https://247sports.com/college/old-dominion/Team/Old-Dominion-Monarchs-Football-277/Roster/,Conference USA,More Conferences
Rice Owls,Rice,rice,https://247sports.com/college/rice/,https://247sports.com/college/rice/Team/Rice-Owls-Football-428/Roster/,Conference USA,More Conferences
Southern Miss Golden Eagles,Southern Mississippi,southern-mississippi,https://247sports.com/college/southern-mississippi/,https://247sports.com/college/southern-mississippi/Team/Southern-Miss-Golden-Eagles-Football-95/Roster/,Conference USA,More Conferences
UAB Blazers,Alabama Birmingham,alabama-birmingham,https://247sports.com/college/alabama-birmingham/,https://247sports.com/college/alabama-birmingham/Team/UAB-Blazers-Football-101/Roster/,Conference USA,More Conferences
UTEP Miners,Utep,utep,https://247sports.com/college/utep/,https://247sports.com/college/utep/Team/UTEP-Miners-Football-105/Roster/,Conference USA,More Conferences
UTSA Roadrunners,Utsa,utsa,https://247sports.com/college/utsa/,https://247sports.com/college/utsa/Team/UTSA-Roadrunners-Football-291/Roster/,Conference USA,More Conferences
Western Kentucky Hilltoppers,Western Kentucky,western-kentucky,https://247sports.com/college/western-kentucky/,https://247sports.com/college/western-kentucky/Team/Western-Kentucky-Hilltoppers-Football-200/Roster/,Conference USA,More Conferences
Army Black Knights,Army,army,https://247sports.com/college/army/,https://247sports.com/college/army/Team/Army-Black-Knights-Football-107/Roster/,FBS Independents,More Conferences
Brigham Young Cougars,Byu,byu,https://247sports.com/college/byu/,https://247sports.com/college/byu/Team/BYU-Cougars-Football-134/Roster/,FBS Independents,More Conferences
Connecticut Huskies,Uconn,uconn,https://247sports.com/college/uconn/,https://247sports.com/college/uconn/Team/Connecticut-Huskies-Football-51/Roster/,FBS Independents,More Conferences
Liberty Flames,Liberty,liberty,https://247sports.com/college/liberty/,https://247sports.com/college/liberty/Team/Liberty-Flames-Football-268/Roster/,FBS Independents,More Conferences
New Mexico State Aggies,New Mexico State,new-mexico-state,https://247sports.com/college/new-mexico-state/,https://247sports.com/college/new-mexico-state/Team/New-Mexico-State-Aggies-Football-210/Roster/,FBS Independents,More Conferences
Notre Dame Fighting Irish,Notre Dame,notre-dame,https://247sports.com/college/notre-dame/,https://247sports.com/college/notre-dame/Team/Notre-Dame-Fighting-Irish-Football-109/Roster/,FBS Independents,More Conferences
UMass Minutemen,Massachusetts,massachusetts,https://247sports.com/college/massachusetts/,https://247sports.com/college/massachusetts/Team/Massachusetts-Minutemen-Football-475/Roster/,FBS Independents,More Conferences
Akron Zips,Akron,akron,https://247sports.com/college/akron/,https://247sports.com/college/akron/Team/Akron-Zips-Football-111/Roster/,Mid-American,More Conferences
Ball State Cardinals,Ball State,ball-state,https://247sports.com/college/ball-state/,https://247sports.com/college/ball-state/Team/Ball-State-Cardinals-Football-113/Roster/,Mid-American,More Conferences
Bowling Green Falcons,Bowling Green,bowling-green,https://247sports.com/college/bowling-green/,https://247sports.com/college/bowling-green/Team/Bowling-Green-Falcons-Football-115/Roster/,Mid-American,More Conferences
Buffalo Bulls,Buffalo,buffalo,https://247sports.com/college/buffalo/,https://247sports.com/college/buffalo/Team/Buffalo-Bulls-Football-116/Roster/,Mid-American,More Conferences
Central Michigan Chippewas,Central Michigan,central-michigan,https://247sports.com/college/central-michigan/,https://247sports.com/college/central-michigan/Team/Central-Michigan-Chippewas-Football-118/Roster/,Mid-American,More Conferences
Eastern Michigan Eagles,Eastern Michigan,eastern-michigan,https://247sports.com/college/eastern-michigan/,https://247sports.com/college/eastern-michigan/Team/Eastern-Michigan-Eagles-Football-448/Roster/,Mid-American,More Conferences
Kent State Golden Flashes,Kent State,kent-state,https://247sports.com/college/kent-state/,https://247sports.com/college/kent-state/Team/Kent-State-Golden-Flashes-Football-119/Roster/,Mid-American,More Conferences
Miami (OH) RedHawks,Miami Ohio,miami-ohio,https://247sports.com/college/miami-ohio/,https://247sports.com/college/miami-ohio/Team/Miami-OH-RedHawks-Football-121/Roster/,Mid-American,More Conferences
Northern Illinois Huskies,Northern Illinois,northern-illinois,https://247sports.com/college/northern-illinois/,https://247sports.com/college/northern-illinois/Team/Northern-Illinois-Huskies-Football-123/Roster/,Mid-American,More Conferences
Ohio Bobcats,Ohio,ohio,https://247sports.com/college/ohio/,https://247sports.com/college/ohio/Team/Ohio-Bobcats-Football-125/Roster/,Mid-American,More Conferences
Toledo Rockets,Toledo,toledo,https://247sports.com/college/toledo/,https://247sports.com/college/toledo/Team/Toledo-Rockets-Football-128/Roster/,Mid-American,More Conferences
Western Michigan Broncos,Western Michigan,western-michigan,https://247sports.com/college/western-michigan/,https://247sports.com/college/western-michigan/Team/Western-Michigan-Broncos-Football-130/Roster/,Mid-American,More Conferences
Air Force Falcons,Air Force,air-force,https://247sports.com/college/air-force/,https://247sports.com/college/air-force/Team/Air-Force-Falcons-Football-132/Roster/,Mountain West,More Conferences
Boise State Broncos,Boise State,boise-state,https://247sports.com/college/boise-state/,https://247sports.com/college/boise-state/Team/Boise-State-Broncos-Football-202/Roster/,Mountain West,More Conferences
Colorado State Rams,Colorado State,colorado-state,https://247sports.com/college/colorado-state/,https://247sports.com/college/colorado-state/Team/Colorado-State-Rams-Football-135/Roster/,Mountain West,More Conferences
Fresno State Bulldogs,Fresno State,fresno-state,https://247sports.com/college/fresno-state/,https://247sports.com/college/fresno-state/Team/Fresno-State-Bulldogs-Football-440/Roster/,Mountain West,More Conferences
Hawaii Rainbow Warriors,Hawaii,hawaii,https://247sports.com/college/hawaii/,https://247sports.com/college/hawaii/Team/Hawaii-Rainbow-Warriors-Football-204/Roster/,Mountain West,More Conferences
Nevada Wolf Pack,Nevada,nevada,https://247sports.com/college/nevada/,https://247sports.com/college/nevada/Team/Nevada-Wolf-Pack-Football-438/Roster/,Mountain West,More Conferences
New Mexico Lobos,New Mexico,new-mexico,https://247sports.com/college/new-mexico/,https://247sports.com/college/new-mexico/Team/New-Mexico-Lobos-Football-137/Roster/,Mountain West,More Conferences
San Diego State Aztecs,San Diego State,san-diego-state,https://247sports.com/college/san-diego-state/,https://247sports.com/college/san-diego-state/Team/San-Diego-State-Aztecs-Football-139/Roster/,Mountain West,More Conferences
San Jose State Spartans,San Jose State,san-jose-state,https://247sports.com/college/san-jose-state/,https://247sports.com/college/san-jose-state/Team/San-Jose-State-Spartans-Football-212/Roster/,Mountain West,More Conferences
UNLV Rebels,Unlv,unlv,https://247sports.com/college/unlv/,https://247sports.com/college/unlv/Team/UNLV-Rebels-Football-142/Roster/,Mountain West,More Conferences
Utah State Aggies,Utah State,utah-state,https://247sports.com/college/utah-state/,https://247sports.com/college/utah-state/Team/Utah-State-Aggies-Football-439/Roster/,Mountain West,More Conferences
Wyoming Cowboys,Wyoming,wyoming,https://247sports.com/college/wyoming/,https://247sports.com/college/wyoming/Team/Wyoming-Cowboys-Football-430/Roster/,Mountain West,More Conferences
Appalachian State Mountaineers,Appalachian State,appalachian-state,https://247sports.com/college/appalachian-state/,https://247sports.com/college/appalachian-state/Team/Appalachian-State-Mountaineers-Football-350/Roster/,Sun Belt,More Conferences
Arkansas State Red Wolves,Arkansas State,arkansas-state,https://247sports.com/college/arkansas-state/,https://247sports.com/college/arkansas-state/Team/Arkansas-State-Red-Wolves-Football-188/Roster/,Sun Belt,More Conferences
Coastal Carolina Chanticleers,Coastal Carolina,coastal-carolina,https://247sports.com/college/coastal-carolina/,https://247sports.com/college/coastal-carolina/Team/Coastal-Carolina-Chanticleers-Football-266/Roster/,Sun Belt,More Conferences
Georgia Southern Eagles,Georgia Southern,georgia-southern,https://247sports.com/college/georgia-southern/,https://247sports.com/college/georgia-southern/Team/Georgia-Southern-Eagles-Football-355/Roster/,Sun Belt,More Conferences
Georgia State Panthers,Georgia State,georgia-state,https://247sports.com/college/georgia-state/,https://247sports.com/college/georgia-state/Team/Georgia-State-Panthers-Football-288/Roster/,Sun Belt,More Conferences
Louisiana Ragin' Cajuns,Louisiana,louisiana,https://247sports.com/college/louisiana/,https://247sports.com/college/louisiana/Team/Louisiana-Ragin-Cajuns-Football-190/Roster/,Sun Belt,More Conferences
Louisiana-Monroe Warhawks,Louisiana Monroe,louisiana-monroe,https://247sports.com/college/louisiana-monroe/,https://247sports.com/college/louisiana-monroe/Team/Louisiana-Monroe-Warhawks-Football-192/Roster/,Sun Belt,More Conferences
South Alabama Jaguars,South Alabama,south-alabama,https://247sports.com/college/south-alabama/,https://247sports.com/college/south-alabama/Team/South-Alabama-Jaguars-Football-289/Roster/,Sun Belt,More Conferences
Texas State Bobcats,Texas State,texas-state,https://247sports.com/college/texas-state/,https://247sports.com/college/texas-state/Team/Texas-State-Bobcats-Football-290/Roster/,Sun Belt,More Conferences
Troy Trojans,Troy,troy,https://247sports.com/college/troy/,https://247sports.com/college/troy/Team/Troy-Trojans-Football-198/Roster/,Sun Belt,More Conferences
Utah Tech Trailblazers,Utah Tech,utah-tech,https://247sports.com/college/utah-tech/,https://247sports.com/college/utah-tech/Team/Utah-Tech-Trailblazers-Football-826/Roster/,WAC,More Conferences
Cal Poly Mustangs,Cal Poly,cal-poly,https://247sports.com/college/cal-poly/,https://247sports.com/college/cal-poly/Team/Cal-Poly-Mustangs-Football-283/Roster/,Big Sky,More Conferences
Eastern Washington Eagles,Eastern Washington,eastern-washington,https://247sports.com/college/eastern-washington/,https://247sports.com/college/eastern-washington/Team/Eastern-Washington-Eagles-Football-256/Roster/,Big Sky,More Conferences
Idaho State Bengals,Idaho State,idaho-state,https://247sports.com/college/idaho-state/,https://247sports.com/college/idaho-state/Team/Idaho-State-Bengals-Football-257/Roster/,Big Sky,More Conferences
Idaho Vandals,Idaho,idaho,https://247sports.com/college/idaho/,https://247sports.com/college/idaho/Team/Idaho-Vandals-Football-206/Roster/,Big Sky,More Conferences
Montana Grizzlies,Montana,montana,https://247sports.com/college/montana/,https://247sports.com/college/montana/Team/Montana-Grizzlies-Football-258/Roster/,Big Sky,More Conferences
Montana State Bobcats,Montana State,montana-state,https://247sports.com/college/montana-state/,https://247sports.com/college/montana-state/Team/Montana-State-Bobcats-Football-259/Roster/,Big Sky,More Conferences
Northern Arizona Lumberjacks,Northern Arizona,northern-arizona,https://247sports.com/college/northern-arizona/,https://247sports.com/college/northern-arizona/Team/Northern-Arizona-Lumberjacks-Football-260/Roster/,Big Sky,More Conferences
Northern Colorado Bears,Northern Colorado,northern-colorado,https://247sports.com/college/northern-colorado/,https://247sports.com/college/northern-colorado/Team/Northern-Colorado-Bears-Football-261/Roster/,Big Sky,More Conferences
Portland State Vikings,Portland State,portland-state,https://247sports.com/college/portland-state/,https://247sports.com/college/portland-state/Team/Portland-State-Vikings-Football-262/Roster/,Big Sky,More Conferences
Sacramento State Hornets,Sacramento State,sacramento-state,https://247sports.com/college/sacramento-state/,https://247sports.com/college/sacramento-state/Team/Sacramento-State-Hornets-Football-263/Roster/,Big Sky,More Conferences
Southern Utah Thunderbirds,Southern Utah,southern-utah,https://247sports.com/college/southern-utah/,https://247sports.com/college/southern-utah/Team/Southern-Utah-Thunderbirds-Football-286/Roster/,Big Sky,More Conferences
UC Davis Aggies,Uc Davis,uc-davis,https://247sports.com/college/uc-davis/,https://247sports.com/college/uc-davis/Team/UC-Davis-Aggies-Football-287/Roster/,Big Sky,More Conferences
Weber State Wildcats,Weber State,weber-state,https://247sports.com/college/weber-state/,https://247sports.com/college/weber-state/Team/Weber-State-Wildcats-Football-264/Roster/,Big Sky,More Conferences
Charleston Southern Buccaneers,Charleston Southern,charleston-southern,https://247sports.com/college/charleston-southern/,https://247sports.com/college/charleston-southern/Team/Charleston-Southern-Buccaneers-Football-265/Roster/,Big South,More Conferences
Gardner-Webb Runnin' Bulldogs,Gardner Webb,gardner-webb,https://247sports.com/college/gardner-webb/,https://247sports.com/college/gardner-webb/Team/Gardner-Webb-Runnin-Bulldogs-Football-267/Roster/,Big South,More Conferences
Kennesaw State Owls,Kennesaw State,kennesaw-state,https://247sports.com/college/kennesaw-state/,https://247sports.com/college/kennesaw-state/Team/Kennesaw-State-Owls-Football-754/Roster/,Big South,More Conferences
Monmouth Hawks,Monmouth,monmouth,https://247sports.com/college/monmouth/,https://247sports.com/college/monmouth/Team/Monmouth-Hawks-Football-324/Roster/,Big South,More Conferences
North Carolina A&T Aggies,Ncat,ncat,https://247sports.com/college/ncat/,https://247sports.com/college/ncat/Team/North-Carolina-AT-Aggies-Football-307/Roster/,Big South,More Conferences
Presbyterian Blue Hose,Presbyterian,presbyterian,https://247sports.com/college/presbyterian/,https://247sports.com/college/presbyterian/Team/Presbyterian-Blue-Hose-Football-269/Roster/,Big South,More Conferences
Albany Great Danes,Albany,albany,https://247sports.com/college/albany/,https://247sports.com/college/albany/Team/Albany-Great-Danes-Football-934/Roster/,CAA,More Conferences
Delaware Fightin' Blue Hens,Delaware,delaware,https://247sports.com/college/delaware/,https://247sports.com/college/delaware/Team/Delaware-Fightin-Blue-Hens-Football-755/Roster/,CAA,More Conferences
Elon Phoenix,Elon,elon,https://247sports.com/college/elon/,https://247sports.com/college/elon/Team/Elon-Phoenix-Football-353/Roster/,CAA,More Conferences
James Madison Dukes,James Madison,james-madison,https://247sports.com/college/james-madison/,https://247sports.com/college/james-madison/Team/James-Madison-Dukes-Football-273/Roster/,CAA,More Conferences
Maine Black Bears,Maine,maine,https://247sports.com/college/maine/,https://247sports.com/college/maine/Team/Maine-Black-Bears-Football-274/Roster/,CAA,More Conferences
New Hampshire Wildcats,New Hampshire,new-hampshire,https://247sports.com/college/new-hampshire/,https://247sports.com/college/new-hampshire/Team/New-Hampshire-Wildcats-Football-276/Roster/,CAA,More Conferences
Rhode Island Rams,Rhode Island,rhode-island,https://247sports.com/college/rhode-island/,https://247sports.com/college/rhode-island/Team/Rhode-Island-Rams-Football-278/Roster/,CAA,More Conferences
Richmond Spiders,Richmond,richmond,https://247sports.com/college/richmond/,https://247sports.com/college/richmond/Team/Richmond-Spiders-Football-279/Roster/,CAA,More Conferences
Stony Brook Seawolves,Stony Brook,stony-brook,https://247sports.com/college/stony-brook/,https://247sports.com/college/stony-brook/Team/Stony-Brook-Seawolves-Football-270/Roster/,CAA,More Conferences
Towson Tigers,Towson,towson,https://247sports.com/college/towson/,https://247sports.com/college/towson/Team/Towson-Tigers-Football-280/Roster/,CAA,More Conferences
Villanova Wildcats,Villanova,villanova,https://247sports.com/college/villanova/,https://247sports.com/college/villanova/Team/Villanova-Wildcats-Football-281/Roster/,CAA,More Conferences
William & Mary Tribe,Wm,wm,https://247sports.com/college/wm/,https://247sports.com/college/wm/Team/William-Mary-Tribe-Football-282/Roster/,CAA,More Conferences
Brown Bears,Brown,brown,https://247sports.com/college/brown/,https://247sports.com/college/brown/Team/Brown-Bears-Football-292/Roster/,Ivy,More Conferences
Columbia Lions,Columbia,columbia,https://247sports.com/college/columbia/,https://247sports.com/college/columbia/Team/Columbia-Lions-Football-293/Roster/,Ivy,More Conferences
Cornell Big Red,Cornell,cornell,https://247sports.com/college/cornell/,https://247sports.com/college/cornell/Team/Cornell-Big-Red-Football-294/Roster/,Ivy,More Conferences
Dartmouth Big Green,Dartmouth,dartmouth,https://247sports.com/college/dartmouth/,https://247sports.com/college/dartmouth/Team/Dartmouth-Big-Green-Football-295/Roster/,Ivy,More Conferences
Harvard Crimson,Harvard,harvard,https://247sports.com/college/harvard/,https://247sports.com/college/harvard/Team/Harvard-Crimson-Football-296/Roster/,Ivy,More Conferences
Pennsylvania Quakers,Pennsylvania,pennsylvania,https://247sports.com/college/pennsylvania/,https://247sports.com/college/pennsylvania/Team/Pennsylvania-Quakers-Football-297/Roster/,Ivy,More Conferences
Princeton Tigers,Princeton,princeton,https://247sports.com/college/princeton/,https://247sports.com/college/princeton/Team/Princeton-Tigers-Football-758/Roster/,Ivy,More Conferences
Yale Bulldogs,Yale,yale,https://247sports.com/college/yale/,https://247sports.com/college/yale/Team/Yale-Bulldogs-Football-299/Roster/,Ivy,More Conferences
Bethune-Cookman Wildcats,Bethune Cookman,bethune-cookman,https://247sports.com/college/bethune-cookman/,https://247sports.com/college/bethune-cookman/Team/Bethune-Cookman-Wildcats-Football-300/Roster/,MEAC,More Conferences
Delaware State Hornets,Delaware State,delaware-state,https://247sports.com/college/delaware-state/,https://247sports.com/college/delaware-state/Team/Delaware-State-Hornets-Football-301/Roster/,MEAC,More Conferences
Hampton Pirates,Hampton,hampton,https://247sports.com/college/hampton/,https://247sports.com/college/hampton/Team/Hampton-Pirates-Football-303/Roster/,MEAC,More Conferences
Howard Bison,Howard,howard,https://247sports.com/college/howard/,https://247sports.com/college/howard/Team/Howard-Bison-Football-304/Roster/,MEAC,More Conferences
Morgan State Golden Bears,Morgan State,morgan-state,https://247sports.com/college/morgan-state/,https://247sports.com/college/morgan-state/Team/Morgan-State-Golden-Bears-Football-759/Roster/,MEAC,More Conferences
Norfolk State Spartans,Norfolk State,norfolk-state,https://247sports.com/college/norfolk-state/,https://247sports.com/college/norfolk-state/Team/Norfolk-State-Spartans-Football-306/Roster/,MEAC,More Conferences
North Carolina Central Eagles,Nccu,nccu,https://247sports.com/college/nccu/,https://247sports.com/college/nccu/Team/North-Carolina-Central-Eagles-Football-308/Roster/,MEAC,More Conferences
Savannah State Tigers,Savannah State,savannah-state,https://247sports.com/college/savannah-state/,https://247sports.com/college/savannah-state/Team/Savannah-State-Tigers-Football-309/Roster/,MEAC,More Conferences
South Carolina State Bulldogs,South Carolina State,south-carolina-state,https://247sports.com/college/south-carolina-state/,https://247sports.com/college/south-carolina-state/Team/South-Carolina-State-Bulldogs-Football-310/Roster/,MEAC,More Conferences
Illinois State Redbirds,Illinois State,illinois-state,https://247sports.com/college/illinois-state/,https://247sports.com/college/illinois-state/Team/Illinois-State-Redbirds-Football-311/Roster/,Missouri Valley,More Conferences
Indiana State Sycamores,Indiana State,indiana-state,https://247sports.com/college/indiana-state/,https://247sports.com/college/indiana-state/Team/Indiana-State-Sycamores-Football-312/Roster/,Missouri Valley,More Conferences
Missouri State Bears,Missouri State,missouri-state,https://247sports.com/college/missouri-state/,https://247sports.com/college/missouri-state/Team/Missouri-State-Bears-Football-313/Roster/,Missouri Valley,More Conferences
North Dakota Fighting Hawks,North Dakota,north-dakota,https://247sports.com/college/north-dakota/,https://247sports.com/college/north-dakota/Team/North-Dakota-Fighting-Hawks-Football-753/Roster/,Missouri Valley,More Conferences
North Dakota State Bison,North Dakota State,north-dakota-state,https://247sports.com/college/north-dakota-state/,https://247sports.com/college/north-dakota-state/Team/North-Dakota-State-Bison-Football-314/Roster/,Missouri Valley,More Conferences
Northern Iowa Panthers,Northern Iowa,northern-iowa,https://247sports.com/college/northern-iowa/,https://247sports.com/college/northern-iowa/Team/Northern-Iowa-Panthers-Football-315/Roster/,Missouri Valley,More Conferences
South Dakota Coyotes,South Dakota,south-dakota,https://247sports.com/college/south-dakota/,https://247sports.com/college/south-dakota/Team/South-Dakota-Coyotes-Football-285/Roster/,Missouri Valley,More Conferences
South Dakota State Jackrabbits,South Dakota State,south-dakota-state,https://247sports.com/college/south-dakota-state/,https://247sports.com/college/south-dakota-state/Team/South-Dakota-State-Jackrabbits-Football-316/Roster/,Missouri Valley,More Conferences
Southern Illinois Salukis,Southern Illinois,southern-illinois,https://247sports.com/college/southern-illinois/,https://247sports.com/college/southern-illinois/Team/Southern-Illinois-Salukis-Football-317/Roster/,Missouri Valley,More Conferences
Western Illinois Leathernecks,Western Illinois,western-illinois,https://247sports.com/college/western-illinois/,https://247sports.com/college/western-illinois/Team/Western-Illinois-Leathernecks-Football-318/Roster/,Missouri Valley,More Conferences
Youngstown State Penguins,Youngstown State,youngstown-state,https://247sports.com/college/youngstown-state/,https://247sports.com/college/youngstown-state/Team/Youngstown-State-Penguins-Football-319/Roster/,Missouri Valley,More Conferences
Bryant Bulldogs,Bryant,bryant,https://247sports.com/college/bryant/,https://247sports.com/college/bryant/Team/Bryant-Bulldogs-Football-321/Roster/,Northeast,More Conferences
Central Connecticut State Blue Devils,Ccsu,ccsu,https://247sports.com/college/ccsu/,https://247sports.com/college/ccsu/Team/Central-Connecticut-State-Blue-Devils-Football-322/Roster/,Northeast,More Conferences
Duquesne Dukes,Duquesne,duquesne,https://247sports.com/college/duquesne/,https://247sports.com/college/duquesne/Team/Duquesne-Dukes-Football-323/Roster/,Northeast,More Conferences
LIU Post Sharks,LIU Post Sharks,LIU Post Sharks,https://247sports.com/,https://247sports.com/Team/LIU-Post-Sharks-Football-2128/Roster/,Northeast,More Conferences
Robert Morris Colonials,Robert Morris,robert-morris,https://247sports.com/college/robert-morris/,https://247sports.com/college/robert-morris/Team/Robert-Morris-Colonials-Football-325/Roster/,Northeast,More Conferences
Sacred Heart Pioneers,Sacred Heart,sacred-heart,https://247sports.com/college/sacred-heart/,https://247sports.com/college/sacred-heart/Team/Sacred-Heart-Pioneers-Football-760/Roster/,Northeast,More Conferences
Saint Francis (PA) Red Flash,Saint Francis,saint-francis,https://247sports.com/college/saint-francis/,https://247sports.com/college/saint-francis/Team/Saint-Francis-PA-Red-Flash-Football-327/Roster/,Northeast,More Conferences
Wagner Seahawks,Wagner,wagner,https://247sports.com/college/wagner/,https://247sports.com/college/wagner/Team/Wagner-Seahawks-Football-328/Roster/,Northeast,More Conferences
Austin Peay Governors,Austin Peay,austin-peay,https://247sports.com/college/austin-peay/,https://247sports.com/college/austin-peay/Team/Austin-Peay-Governors-Football-329/Roster/,Ohio Valley,More Conferences
Eastern Illinois Panthers,Eastern Illinois,eastern-illinois,https://247sports.com/college/eastern-illinois/,https://247sports.com/college/eastern-illinois/Team/Eastern-Illinois-Panthers-Football-330/Roster/,Ohio Valley,More Conferences
Eastern Kentucky Colonels,Eastern Kentucky,eastern-kentucky,https://247sports.com/college/eastern-kentucky/,https://247sports.com/college/eastern-kentucky/Team/Eastern-Kentucky-Colonels-Football-331/Roster/,Ohio Valley,More Conferences
Jacksonville State Gamecocks,Jacksonville State,jacksonville-state,https://247sports.com/college/jacksonville-state/,https://247sports.com/college/jacksonville-state/Team/Jacksonville-State-Gamecocks-Football-332/Roster/,Ohio Valley,More Conferences
Murray State Racers,Murray State,murray-state,https://247sports.com/college/murray-state/,https://247sports.com/college/murray-state/Team/Murray-State-Racers-Football-333/Roster/,Ohio Valley,More Conferences
Southeast Missouri State Redhawks,Semo,semo,https://247sports.com/college/semo/,https://247sports.com/college/semo/Team/Southeast-Missouri-State-Redhawks-Football-334/Roster/,Ohio Valley,More Conferences
Tennessee State Tigers,Tennessee State,tennessee-state,https://247sports.com/college/tennessee-state/,https://247sports.com/college/tennessee-state/Team/Tennessee-State-Tigers-Football-335/Roster/,Ohio Valley,More Conferences
Tennessee Tech Golden Eagles,Tennessee Tech,tennessee-tech,https://247sports.com/college/tennessee-tech/,https://247sports.com/college/tennessee-tech/Team/Tennessee-Tech-Golden-Eagles-Football-336/Roster/,Ohio Valley,More Conferences
Tennessee-Martin Skyhawks,Tennessee Martin,tennessee-martin,https://247sports.com/college/tennessee-martin/,https://247sports.com/college/tennessee-martin/Team/UT-Martin-Skyhawks-Football-761/Roster/,Ohio Valley,More Conferences
Bucknell Bison,Bucknell,bucknell,https://247sports.com/college/bucknell/,https://247sports.com/college/bucknell/Team/Bucknell-Bison-Football-762/Roster/,Patriot League,More Conferences
Colgate Raiders,Colgate,colgate,https://247sports.com/college/colgate/,https://247sports.com/college/colgate/Team/Colgate-Raiders-Football-767/Roster/,Patriot League,More Conferences
Fordham Rams,Fordham,fordham,https://247sports.com/college/fordham/,https://247sports.com/college/fordham/Team/Fordham-Rams-Football-768/Roster/,Patriot League,More Conferences
Georgetown Hoyas,Georgetown,georgetown,https://247sports.com/college/georgetown/,https://247sports.com/college/georgetown/Team/Georgetown-Hoyas-Football-765/Roster/,Patriot League,More Conferences
Holy Cross Crusaders,Holy Cross,holy-cross,https://247sports.com/college/holy-cross/,https://247sports.com/college/holy-cross/Team/Holy-Cross-Crusaders-Football-763/Roster/,Patriot League,More Conferences
Lafayette Leopards,Lafayette,lafayette,https://247sports.com/college/lafayette/,https://247sports.com/college/lafayette/Team/Lafayette-Leopards-Football-766/Roster/,Patriot League,More Conferences
Lehigh Mountain Hawks,Lehigh,lehigh,https://247sports.com/college/lehigh/,https://247sports.com/college/lehigh/Team/Lehigh-Mountain-Hawks-Football-764/Roster/,Patriot League,More Conferences
Butler Bulldogs,Butler,butler,https://247sports.com/college/butler/,https://247sports.com/college/butler/Team/Butler-Bulldogs-Football-340/Roster/,Pioneer,More Conferences
Campbell Fighting Camels,Campbell,campbell,https://247sports.com/college/campbell/,https://247sports.com/college/campbell/Team/Campbell-Fighting-Camels-Football-341/Roster/,Pioneer,More Conferences
Davidson Wildcats,Davidson,davidson,https://247sports.com/college/davidson/,https://247sports.com/college/davidson/Team/Davidson-Wildcats-Football-342/Roster/,Pioneer,More Conferences
Dayton Flyers,Dayton,dayton,https://247sports.com/college/dayton/,https://247sports.com/college/dayton/Team/Dayton-Flyers-Football-343/Roster/,Pioneer,More Conferences
Drake Bulldogs,Drake,drake,https://247sports.com/college/drake/,https://247sports.com/college/drake/Team/Drake-Bulldogs-Football-344/Roster/,Pioneer,More Conferences
Jacksonville Dolphins,Jacksonville,jacksonville,https://247sports.com/college/jacksonville/,https://247sports.com/college/jacksonville/Team/Jacksonville-Dolphins-Football-345/Roster/,Pioneer,More Conferences
Marist Red Foxes,Marist,marist,https://247sports.com/college/marist/,https://247sports.com/college/marist/Team/Marist-Red-Foxes-Football-346/Roster/,Pioneer,More Conferences
Morehead State Eagles,Morehead State,morehead-state,https://247sports.com/college/morehead-state/,https://247sports.com/college/morehead-state/Team/Morehead-State-Eagles-Football-347/Roster/,Pioneer,More Conferences
San Diego Toreros,San Diego,san-diego,https://247sports.com/college/san-diego/,https://247sports.com/college/san-diego/Team/San-Diego-Toreros-Football-348/Roster/,Pioneer,More Conferences
Stetson Hatters,Stetson,stetson,https://247sports.com/college/stetson/,https://247sports.com/college/stetson/Team/Stetson-Hatters-Football-769/Roster/,Pioneer,More Conferences
Valparaiso,Valparaiso,valparaiso,https://247sports.com/college/valparaiso/,https://247sports.com/college/valparaiso/Team/Valparaiso-Beacons-Football-349/Roster/,Pioneer,More Conferences
Chattanooga Mocs,Chattanooga,chattanooga,https://247sports.com/college/chattanooga/,https://247sports.com/college/chattanooga/Team/Chattanooga-Mocs-Football-351/Roster/,Southern,More Conferences
East Tennessee State Buccaneers,Etsu,etsu,https://247sports.com/college/etsu/,https://247sports.com/college/etsu/Team/East-Tennessee-State-Buccaneers-Football-757/Roster/,Southern,More Conferences
Furman Paladins,Furman,furman,https://247sports.com/college/furman/,https://247sports.com/college/furman/Team/Furman-Paladins-Football-354/Roster/,Southern,More Conferences
Mercer Bears,Mercer,mercer,https://247sports.com/college/mercer/,https://247sports.com/college/mercer/Team/Mercer-Bears-Football-770/Roster/,Southern,More Conferences
Samford Bulldogs,Samford,samford,https://247sports.com/college/samford/,https://247sports.com/college/samford/Team/Samford-Bulldogs-Football-356/Roster/,Southern,More Conferences
The Citadel Bulldogs,Citadel,citadel,https://247sports.com/college/citadel/,https://247sports.com/college/citadel/Team/The-Citadel-Bulldogs-Football-352/Roster/,Southern,More Conferences
Virginia Military Institute Keydets,Vmi,vmi,https://247sports.com/college/vmi/,https://247sports.com/college/vmi/Team/Virginia-Military-Institute-Keydets-Football-271/Roster/,Southern,More Conferences
Western Carolina Catamounts,Western Carolina,western-carolina,https://247sports.com/college/western-carolina/,https://247sports.com/college/western-carolina/Team/Western-Carolina-Catamounts-Football-357/Roster/,Southern,More Conferences
Wofford Terriers,Wofford,wofford,https://247sports.com/college/wofford/,https://247sports.com/college/wofford/Team/Wofford-Terriers-Football-358/Roster/,Southern,More Conferences
Abilene Christian Wildcats,Abilene Christian Wildcats,Abilene Christian Wildcats,https://247sports.com/,https://247sports.com/Team/Abilene-Christian-Wildcats-Football-774/Roster/,Southland,More Conferences
Central Arkansas Bears,Central Arkansas,central-arkansas,https://247sports.com/college/central-arkansas/,https://247sports.com/college/central-arkansas/Team/Central-Arkansas-Bears-Football-359/Roster/,Southland,More Conferences
Houston Baptist Huskies,Houston Baptist,houston-baptist,https://247sports.com/college/houston-baptist/,https://247sports.com/college/houston-baptist/Team/Houston-Baptist-Huskies-Football-773/Roster/,Southland,More Conferences
Incarnate Word Cardinals,Uiw,uiw,https://247sports.com/college/uiw/,https://247sports.com/college/uiw/Team/Incarnate-Word-Cardinals-Football-772/Roster/,Southland,More Conferences
Lamar Cardinals,Lamar,lamar,https://247sports.com/college/lamar/,https://247sports.com/college/lamar/Team/Lamar-Cardinals-Football-360/Roster/,Southland,More Conferences
McNeese State Cowboys,Mcneese State,mcneese-state,https://247sports.com/college/mcneese-state/,https://247sports.com/college/mcneese-state/Team/McNeese-State-Cowboys-Football-361/Roster/,Southland,More Conferences
Nicholls State Colonels,Nicholls State,nicholls-state,https://247sports.com/college/nicholls-state/,https://247sports.com/college/nicholls-state/Team/Nicholls-State-Colonels-Football-362/Roster/,Southland,More Conferences
Northwestern State Demons,Northwestern State,northwestern-state,https://247sports.com/college/northwestern-state/,https://247sports.com/college/northwestern-state/Team/Northwestern-State-Demons-Football-363/Roster/,Southland,More Conferences
Sam Houston State Bearkats,Sam Houston State,sam-houston-state,https://247sports.com/college/sam-houston-state/,https://247sports.com/college/sam-houston-state/Team/Sam-Houston-Bearkats-Football-364/Roster/,Southland,More Conferences
Southeastern Louisiana Lions,Southeastern Louisiana,southeastern-louisiana,https://247sports.com/college/southeastern-louisiana/,https://247sports.com/college/southeastern-louisiana/Team/Southeastern-Louisiana-Lions-Football-365/Roster/,Southland,More Conferences
Stephen F. Austin Lumberjacks,Sfasu,sfasu,https://247sports.com/college/sfasu/,https://247sports.com/college/sfasu/Team/Stephen-F-Austin-Lumberjacks-Football-366/Roster/,Southland,More Conferences
Alabama A&M Bulldogs,Aamu,aamu,https://247sports.com/college/aamu/,https://247sports.com/college/aamu/Team/Alabama-AM-Bulldogs-Football-367/Roster/,SWAC,More Conferences
Alabama State Hornets,Alabama State,alabama-state,https://247sports.com/college/alabama-state/,https://247sports.com/college/alabama-state/Team/Alabama-State-Hornets-Football-369/Roster/,SWAC,More Conferences
Alcorn State Braves,Alcorn State,alcorn-state,https://247sports.com/college/alcorn-state/,https://247sports.com/college/alcorn-state/Team/Alcorn-State-Braves-Football-368/Roster/,SWAC,More Conferences
Arkansas-Pine Bluff Golden Lions,Arkansas Pine Bluff,arkansas-pine-bluff,https://247sports.com/college/arkansas-pine-bluff/,https://247sports.com/college/arkansas-pine-bluff/Team/Arkansas-Pine-Bluff-Golden-Lions-Football-370/Roster/,SWAC,More Conferences
Florida A&M Rattlers,Famu,famu,https://247sports.com/college/famu/,https://247sports.com/college/famu/Team/Florida-AM-Rattlers-Football-302/Roster/,SWAC,More Conferences
Grambling State Tigers,Grambling State,grambling-state,https://247sports.com/college/grambling-state/,https://247sports.com/college/grambling-state/Team/Grambling-State-Tigers-Football-371/Roster/,SWAC,More Conferences
Jackson State Tigers,Jackson State,jackson-state,https://247sports.com/college/jackson-state/,https://247sports.com/college/jackson-state/Team/Jackson-State-Tigers-Football-372/Roster/,SWAC,More Conferences
Mississippi Valley State Delta Devils,Mvsu,mvsu,https://247sports.com/college/mvsu/,https://247sports.com/college/mvsu/Team/Mississippi-Valley-State-Delta-Devils-Football-373/Roster/,SWAC,More Conferences
Prairie View A&M Panthers,Pvamu,pvamu,https://247sports.com/college/pvamu/,https://247sports.com/college/pvamu/Team/Prairie-View-AM-Panthers-Football-374/Roster/,SWAC,More Conferences
Southern Jaguars,Southern,southern,https://247sports.com/college/southern/,https://247sports.com/college/southern/Team/Southern-University-Jaguars-Football-375/Roster/,SWAC,More Conferences
Texas Southern Tigers,Texas Southern,texas-southern,https://247sports.com/college/texas-southern/,https://247sports.com/college/texas-southern/Team/Texas-Southern-Tigers-Football-376/Roster/,SWAC,More Conferences
